event_id,sm,warp,regext_time_ns,regext_pc,regext_op,regext_line,prev_time_ns,prev_pc,prev_op,prev_line,next_time_ns,next_pc,next_op,next_line,next_has_is_used
1,1,3,10185,0x800000c8,REGEXT,"SM 1 warp 3 0x800000c8            REGEXT_0x0010200b REGEXT(s3,s2,s1,d)=0,0,0,1 @10185ns,1 [trace decode.cpp:72]",10185,0x80000098,CSRRW,"SM 1 warp 3 0x80000098             CSRRW_0x305f9073 WB x[000]=0x00000000 @10185ns,1 [trace regfile.cpp:87]",10225,0x8000009c,JALR,"SM 1 warp 3 0x8000009c              JALR_0x000300e7 JUMP=true, jumpTO 0x800000b8 @10225ns,1 [trace exec_salu.cpp:121]",0
2,1,2,10235,0x800000c8,REGEXT,"SM 1 warp 2 0x800000c8            REGEXT_0x0010200b REGEXT(s3,s2,s1,d)=0,0,0,1 @10235ns,1 [trace decode.cpp:72]",10235,0x80000098,CSRRW,"SM 1 warp 2 0x80000098             CSRRW_0x305f9073 WB x[000]=0x00000000 @10235ns,1 [trace regfile.cpp:87]",10275,0x8000009c,JALR,"SM 1 warp 2 0x8000009c              JALR_0x000300e7 JUMP=true, jumpTO 0x800000b8 @10275ns,1 [trace exec_salu.cpp:121]",0
5,1,7,13785,0x800000c8,REGEXT,"SM 1 warp 7 0x800000c8            REGEXT_0x0010200b REGEXT(s3,s2,s1,d)=0,0,0,1 @13785ns,1 [trace decode.cpp:72]",13785,0x80000098,CSRRW,"SM 1 warp 7 0x80000098             CSRRW_0x305f9073 WB x[000]=0x00000000 @13785ns,1 [trace regfile.cpp:87]",13825,0x8000009c,JALR,"SM 1 warp 7 0x8000009c              JALR_0x000300e7 JUMP=true, jumpTO 0x800000b8 @13825ns,1 [trace exec_salu.cpp:121]",0
7,1,4,13945,0x800000c8,REGEXT,"SM 1 warp 4 0x800000c8            REGEXT_0x0010200b REGEXT(s3,s2,s1,d)=0,0,0,1 @13945ns,1 [trace decode.cpp:72]",13945,0x80000098,CSRRW,"SM 1 warp 4 0x80000098             CSRRW_0x305f9073 WB x[000]=0x00000000 @13945ns,1 [trace regfile.cpp:87]",13985,0x8000009c,JALR,"SM 1 warp 4 0x8000009c              JALR_0x000300e7 JUMP=true, jumpTO 0x800000b8 @13985ns,1 [trace exec_salu.cpp:121]",0
9,1,5,15205,0x800000c8,REGEXT,"SM 1 warp 5 0x800000c8            REGEXT_0x0010200b REGEXT(s3,s2,s1,d)=0,0,0,1 @15205ns,1 [trace decode.cpp:72]",15205,0x80000098,CSRRW,"SM 1 warp 5 0x80000098             CSRRW_0x305f9073 WB x[000]=0x00000000 @15205ns,1 [trace regfile.cpp:87]",15245,0x8000009c,JALR,"SM 1 warp 5 0x8000009c              JALR_0x000300e7 JUMP=true, jumpTO 0x800000b8 @15245ns,1 [trace exec_salu.cpp:121]",0
11,1,6,15625,0x800000c8,REGEXT,"SM 1 warp 6 0x800000c8            REGEXT_0x0010200b REGEXT(s3,s2,s1,d)=0,0,0,1 @15625ns,1 [trace decode.cpp:72]",15625,0x80000098,CSRRW,"SM 1 warp 6 0x80000098             CSRRW_0x305f9073 WB x[000]=0x00000000 @15625ns,1 [trace regfile.cpp:87]",15665,0x8000009c,JALR,"SM 1 warp 6 0x8000009c              JALR_0x000300e7 JUMP=true, jumpTO 0x800000b8 @15665ns,1 [trace exec_salu.cpp:121]",0
13,1,1,15805,0x800000c8,REGEXT,"SM 1 warp 1 0x800000c8            REGEXT_0x0010200b REGEXT(s3,s2,s1,d)=0,0,0,1 @15805ns,1 [trace decode.cpp:72]",15805,0x80000098,CSRRW,"SM 1 warp 1 0x80000098             CSRRW_0x305f9073 WB x[000]=0x00000000 @15805ns,1 [trace regfile.cpp:87]",15845,0x8000009c,JALR,"SM 1 warp 1 0x8000009c              JALR_0x000300e7 JUMP=true, jumpTO 0x800000b8 @15845ns,1 [trace exec_salu.cpp:121]",0
15,1,0,15995,0x800000c8,REGEXT,"SM 1 warp 0 0x800000c8            REGEXT_0x0010200b REGEXT(s3,s2,s1,d)=0,0,0,1 @15995ns,1 [trace decode.cpp:72]",15995,0x80000098,CSRRW,"SM 1 warp 0 0x80000098             CSRRW_0x305f9073 WB x[000]=0x00000000 @15995ns,1 [trace regfile.cpp:87]",16035,0x8000009c,JALR,"SM 1 warp 0 0x8000009c              JALR_0x000300e7 JUMP=true, jumpTO 0x800000b8 @16035ns,1 [trace exec_salu.cpp:121]",0
17,1,2,16585,0x8000010c,REGEXT,"SM 1 warp 2 0x8000010c            REGEXT_0x0080200b REGEXT(s3,s2,s1,d)=0,0,1,0 @16585ns,1 [trace decode.cpp:72]",16575,0x800000dc,LW,"SM 1 warp 2 0x800000dc                LW_0x01052283 WB x[005]=0x00000200 @16575ns,1 [trace regfile.cpp:87]",16615,0x800000e0,SW,"SM 1 warp 2 0x800000e0                SW_0xfe512c23 mask=FFFFFFFF ADDR 70000414, DATA 200 @16615ns,1 [trace exec_lsu.cpp:183]",0
18,1,3,16765,0x8000010c,REGEXT,"SM 1 warp 3 0x8000010c            REGEXT_0x0080200b REGEXT(s3,s2,s1,d)=0,0,1,0 @16765ns,1 [trace decode.cpp:72]",16755,0x800000dc,LW,"SM 1 warp 3 0x800000dc                LW_0x01052283 WB x[005]=0x00000200 @16755ns,1 [trace regfile.cpp:87]",16795,0x800000e0,SW,"SM 1 warp 3 0x800000e0                SW_0xfe512c23 mask=FFFFFFFF ADDR 70000814, DATA 200 @16795ns,1 [trace exec_lsu.cpp:183]",0
19,1,7,16945,0x8000010c,REGEXT,"SM 1 warp 7 0x8000010c            REGEXT_0x0080200b REGEXT(s3,s2,s1,d)=0,0,1,0 @16945ns,1 [trace decode.cpp:72]",16935,0x800000dc,LW,"SM 1 warp 7 0x800000dc                LW_0x01052283 WB x[005]=0x00000200 @16935ns,1 [trace regfile.cpp:87]",16975,0x800000e0,SW,"SM 1 warp 7 0x800000e0                SW_0xfe512c23 mask=FFFFFFFF ADDR 70001814, DATA 200 @16975ns,1 [trace exec_lsu.cpp:183]",0
20,1,4,17125,0x8000010c,REGEXT,"SM 1 warp 4 0x8000010c            REGEXT_0x0080200b REGEXT(s3,s2,s1,d)=0,0,1,0 @17125ns,1 [trace decode.cpp:72]",17115,0x800000dc,LW,"SM 1 warp 4 0x800000dc                LW_0x01052283 WB x[005]=0x00000200 @17115ns,1 [trace regfile.cpp:87]",17155,0x800000e0,SW,"SM 1 warp 4 0x800000e0                SW_0xfe512c23 mask=FFFFFFFF ADDR 70000c14, DATA 200 @17155ns,1 [trace exec_lsu.cpp:183]",0
21,1,5,21895,0x8000010c,REGEXT,"SM 1 warp 5 0x8000010c            REGEXT_0x0080200b REGEXT(s3,s2,s1,d)=0,0,1,0 @21895ns,1 [trace decode.cpp:72]",21885,0x800000dc,LW,"SM 1 warp 5 0x800000dc                LW_0x01052283 WB x[005]=0x00000200 @21885ns,1 [trace regfile.cpp:87]",21925,0x800000e0,SW,"SM 1 warp 5 0x800000e0                SW_0xfe512c23 mask=FFFFFFFF ADDR 70001014, DATA 200 @21925ns,1 [trace exec_lsu.cpp:183]",0
22,1,6,22075,0x8000010c,REGEXT,"SM 1 warp 6 0x8000010c            REGEXT_0x0080200b REGEXT(s3,s2,s1,d)=0,0,1,0 @22075ns,1 [trace decode.cpp:72]",22065,0x800000dc,LW,"SM 1 warp 6 0x800000dc                LW_0x01052283 WB x[005]=0x00000200 @22065ns,1 [trace regfile.cpp:87]",22105,0x800000e0,SW,"SM 1 warp 6 0x800000e0                SW_0xfe512c23 mask=FFFFFFFF ADDR 70001414, DATA 200 @22105ns,1 [trace exec_lsu.cpp:183]",0
23,1,1,22255,0x8000010c,REGEXT,"SM 1 warp 1 0x8000010c            REGEXT_0x0080200b REGEXT(s3,s2,s1,d)=0,0,1,0 @22255ns,1 [trace decode.cpp:72]",22245,0x800000dc,LW,"SM 1 warp 1 0x800000dc                LW_0x01052283 WB x[005]=0x00000200 @22245ns,1 [trace regfile.cpp:87]",22285,0x800000e0,SW,"SM 1 warp 1 0x800000e0                SW_0xfe512c23 mask=FFFFFFFF ADDR 70000014, DATA 200 @22285ns,1 [trace exec_lsu.cpp:183]",0
24,1,0,22435,0x8000010c,REGEXT,"SM 1 warp 0 0x8000010c            REGEXT_0x0080200b REGEXT(s3,s2,s1,d)=0,0,1,0 @22435ns,1 [trace decode.cpp:72]",22425,0x800000dc,LW,"SM 1 warp 0 0x800000dc                LW_0x01052283 WB x[005]=0x00000200 @22425ns,1 [trace regfile.cpp:87]",22465,0x800000e0,SW,"SM 1 warp 0 0x800000e0                SW_0xfe512c23 mask=FFFFFFFF ADDR 70001c14, DATA 200 @22465ns,1 [trace exec_lsu.cpp:183]",0
25,1,2,23665,0x80000120,REGEXT,"SM 1 warp 2 0x80000120            REGEXT_0x0080200b REGEXT(s3,s2,s1,d)=0,0,1,0 @23665ns,1 [trace decode.cpp:72]",23655,0x800000ec,LW,"SM 1 warp 2 0x800000ec                LW_0x00852283 WB x[005]=0x90200000 @23655ns,1 [trace regfile.cpp:87]",23695,0x800000f0,SW,"SM 1 warp 2 0x800000f0                SW_0xfe512823 mask=FFFFFFFF ADDR 7000040c, DATA 90200000 @23695ns,1 [trace exec_lsu.cpp:183]",0
26,1,3,23845,0x80000120,REGEXT,"SM 1 warp 3 0x80000120            REGEXT_0x0080200b REGEXT(s3,s2,s1,d)=0,0,1,0 @23845ns,1 [trace decode.cpp:72]",23835,0x800000ec,LW,"SM 1 warp 3 0x800000ec                LW_0x00852283 WB x[005]=0x90200000 @23835ns,1 [trace regfile.cpp:87]",23875,0x800000f0,SW,"SM 1 warp 3 0x800000f0                SW_0xfe512823 mask=FFFFFFFF ADDR 7000080c, DATA 90200000 @23875ns,1 [trace exec_lsu.cpp:183]",0
27,1,7,24025,0x80000120,REGEXT,"SM 1 warp 7 0x80000120            REGEXT_0x0080200b REGEXT(s3,s2,s1,d)=0,0,1,0 @24025ns,1 [trace decode.cpp:72]",24015,0x800000ec,LW,"SM 1 warp 7 0x800000ec                LW_0x00852283 WB x[005]=0x90200000 @24015ns,1 [trace regfile.cpp:87]",24055,0x800000f0,SW,"SM 1 warp 7 0x800000f0                SW_0xfe512823 mask=FFFFFFFF ADDR 7000180c, DATA 90200000 @24055ns,1 [trace exec_lsu.cpp:183]",0
28,1,4,24205,0x80000120,REGEXT,"SM 1 warp 4 0x80000120            REGEXT_0x0080200b REGEXT(s3,s2,s1,d)=0,0,1,0 @24205ns,1 [trace decode.cpp:72]",24195,0x800000ec,LW,"SM 1 warp 4 0x800000ec                LW_0x00852283 WB x[005]=0x90200000 @24195ns,1 [trace regfile.cpp:87]",24235,0x800000f0,SW,"SM 1 warp 4 0x800000f0                SW_0xfe512823 mask=FFFFFFFF ADDR 70000c0c, DATA 90200000 @24235ns,1 [trace exec_lsu.cpp:183]",0
29,1,5,28975,0x80000120,REGEXT,"SM 1 warp 5 0x80000120            REGEXT_0x0080200b REGEXT(s3,s2,s1,d)=0,0,1,0 @28975ns,1 [trace decode.cpp:72]",28965,0x800000ec,LW,"SM 1 warp 5 0x800000ec                LW_0x00852283 WB x[005]=0x90200000 @28965ns,1 [trace regfile.cpp:87]",29005,0x800000f0,SW,"SM 1 warp 5 0x800000f0                SW_0xfe512823 mask=FFFFFFFF ADDR 7000100c, DATA 90200000 @29005ns,1 [trace exec_lsu.cpp:183]",0
30,1,6,29155,0x80000120,REGEXT,"SM 1 warp 6 0x80000120            REGEXT_0x0080200b REGEXT(s3,s2,s1,d)=0,0,1,0 @29155ns,1 [trace decode.cpp:72]",29145,0x800000ec,LW,"SM 1 warp 6 0x800000ec                LW_0x00852283 WB x[005]=0x90200000 @29145ns,1 [trace regfile.cpp:87]",29185,0x800000f0,SW,"SM 1 warp 6 0x800000f0                SW_0xfe512823 mask=FFFFFFFF ADDR 7000140c, DATA 90200000 @29185ns,1 [trace exec_lsu.cpp:183]",0
31,1,1,29335,0x80000120,REGEXT,"SM 1 warp 1 0x80000120            REGEXT_0x0080200b REGEXT(s3,s2,s1,d)=0,0,1,0 @29335ns,1 [trace decode.cpp:72]",29325,0x800000ec,LW,"SM 1 warp 1 0x800000ec                LW_0x00852283 WB x[005]=0x90200000 @29325ns,1 [trace regfile.cpp:87]",29365,0x800000f0,SW,"SM 1 warp 1 0x800000f0                SW_0xfe512823 mask=FFFFFFFF ADDR 7000000c, DATA 90200000 @29365ns,1 [trace exec_lsu.cpp:183]",0
32,1,0,29515,0x80000120,REGEXT,"SM 1 warp 0 0x80000120            REGEXT_0x0080200b REGEXT(s3,s2,s1,d)=0,0,1,0 @29515ns,1 [trace decode.cpp:72]",29505,0x800000ec,LW,"SM 1 warp 0 0x800000ec                LW_0x00852283 WB x[005]=0x90200000 @29505ns,1 [trace regfile.cpp:87]",29545,0x800000f0,SW,"SM 1 warp 0 0x800000f0                SW_0xfe512823 mask=FFFFFFFF ADDR 70001c0c, DATA 90200000 @29545ns,1 [trace exec_lsu.cpp:183]",0
50,1,3,50655,0x800001b4,REGEXT,"SM 1 warp 3 0x800001b4            REGEXT_0x0010200b REGEXT(s3,s2,s1,d)=0,0,0,1 @50655ns,1 [trace decode.cpp:72]",50635,0x80000184,BGE,"SM 1 warp 3 0x80000184               BGE_0x02905e63 mask=FFFFFFFF, JUMP=false @50635ns,1 [trace exec_salu.cpp:339]",50675,0x80000188,JAL,"SM 1 warp 3 0x80000188               JAL_0x0040006f JUMP=true, jumpTO 0x8000018c @50675ns,1 [trace exec_salu.cpp:108]",0
52,1,2,51055,0x800001b4,REGEXT,"SM 1 warp 2 0x800001b4            REGEXT_0x0010200b REGEXT(s3,s2,s1,d)=0,0,0,1 @51055ns,1 [trace decode.cpp:72]",51035,0x80000184,BGE,"SM 1 warp 2 0x80000184               BGE_0x02905e63 mask=FFFFFFFF, JUMP=false @51035ns,1 [trace exec_salu.cpp:339]",51075,0x80000188,JAL,"SM 1 warp 2 0x80000188               JAL_0x0040006f JUMP=true, jumpTO 0x8000018c @51075ns,1 [trace exec_salu.cpp:108]",0
56,1,7,52685,0x800001b4,REGEXT,"SM 1 warp 7 0x800001b4            REGEXT_0x0010200b REGEXT(s3,s2,s1,d)=0,0,0,1 @52685ns,1 [trace decode.cpp:72]",52665,0x80000184,BGE,"SM 1 warp 7 0x80000184               BGE_0x02905e63 mask=FFFFFFFF, JUMP=false @52665ns,1 [trace exec_salu.cpp:339]",52705,0x80000188,JAL,"SM 1 warp 7 0x80000188               JAL_0x0040006f JUMP=true, jumpTO 0x8000018c @52705ns,1 [trace exec_salu.cpp:108]",0
60,1,4,54955,0x800001b4,REGEXT,"SM 1 warp 4 0x800001b4            REGEXT_0x0010200b REGEXT(s3,s2,s1,d)=0,0,0,1 @54955ns,1 [trace decode.cpp:72]",54935,0x80000184,BGE,"SM 1 warp 4 0x80000184               BGE_0x02905e63 mask=FFFFFFFF, JUMP=false @54935ns,1 [trace exec_salu.cpp:339]",54975,0x80000188,JAL,"SM 1 warp 4 0x80000188               JAL_0x0040006f JUMP=true, jumpTO 0x8000018c @54975ns,1 [trace exec_salu.cpp:108]",0
62,1,5,55995,0x800001b4,REGEXT,"SM 1 warp 5 0x800001b4            REGEXT_0x0010200b REGEXT(s3,s2,s1,d)=0,0,0,1 @55995ns,1 [trace decode.cpp:72]",55965,0x80000184,BGE,"SM 1 warp 5 0x80000184               BGE_0x02905e63 mask=FFFFFFFF, JUMP=false @55965ns,1 [trace exec_salu.cpp:339]",56015,0x80000188,JAL,"SM 1 warp 5 0x80000188               JAL_0x0040006f JUMP=true, jumpTO 0x8000018c @56015ns,1 [trace exec_salu.cpp:108]",0
66,1,1,57475,0x800001b4,REGEXT,"SM 1 warp 1 0x800001b4            REGEXT_0x0010200b REGEXT(s3,s2,s1,d)=0,0,0,1 @57475ns,1 [trace decode.cpp:72]",57455,0x80000184,BGE,"SM 1 warp 1 0x80000184               BGE_0x02905e63 mask=FFFFFFFF, JUMP=false @57455ns,1 [trace exec_salu.cpp:339]",57495,0x80000188,JAL,"SM 1 warp 1 0x80000188               JAL_0x0040006f JUMP=true, jumpTO 0x8000018c @57495ns,1 [trace exec_salu.cpp:108]",0
69,1,6,58435,0x800001b4,REGEXT,"SM 1 warp 6 0x800001b4            REGEXT_0x0010200b REGEXT(s3,s2,s1,d)=0,0,0,1 @58435ns,1 [trace decode.cpp:72]",58415,0x80000184,BGE,"SM 1 warp 6 0x80000184               BGE_0x02905e63 mask=FFFFFFFF, JUMP=false @58415ns,1 [trace exec_salu.cpp:339]",58465,0x80000188,JAL,"SM 1 warp 6 0x80000188               JAL_0x0040006f JUMP=true, jumpTO 0x8000018c @58465ns,1 [trace exec_salu.cpp:108]",0
71,1,0,59485,0x800001b4,REGEXT,"SM 1 warp 0 0x800001b4            REGEXT_0x0010200b REGEXT(s3,s2,s1,d)=0,0,0,1 @59485ns,1 [trace decode.cpp:72]",59465,0x80000184,BGE,"SM 1 warp 0 0x80000184               BGE_0x02905e63 mask=FFFFFFFF, JUMP=false @59465ns,1 [trace exec_salu.cpp:339]",59505,0x80000188,JAL,"SM 1 warp 0 0x80000188               JAL_0x0040006f JUMP=true, jumpTO 0x8000018c @59505ns,1 [trace exec_salu.cpp:108]",0
73,1,6,28281405,0x800001b4,REGEXT,"SM 1 warp 6 0x800001b4            REGEXT_0x0010200b REGEXT(s3,s2,s1,d)=0,0,0,1 @28281405ns,1 [trace decode.cpp:72]",28281405,0x80000188,JAL,"SM 1 warp 6 0x80000188               JAL_0x0040006f JUMP=true, jumpTO 0x8000018c @28281405ns,1 [trace exec_salu.cpp:108]",28281415,0x80000188,JAL,"SM 1 warp 6 0x80000188               JAL_0x0040006f WB x[000]=0x8000018c @28281415ns,1 [trace regfile.cpp:87]",0
74,1,3,28281415,0x800001b4,REGEXT,"SM 1 warp 3 0x800001b4            REGEXT_0x0010200b REGEXT(s3,s2,s1,d)=0,0,0,1 @28281415ns,1 [trace decode.cpp:72]",28281415,0x80000188,JAL,"SM 1 warp 3 0x80000188               JAL_0x0040006f JUMP=true, jumpTO 0x8000018c @28281415ns,1 [trace exec_salu.cpp:108]",28281425,0x80000188,JAL,"SM 1 warp 3 0x80000188               JAL_0x0040006f WB x[000]=0x8000018c @28281425ns,1 [trace regfile.cpp:87]",0
76,1,1,28281395,0x800001b4,REGEXT,"SM 1 warp 1 0x800001b4            REGEXT_0x0010200b REGEXT(s3,s2,s1,d)=0,0,0,1 @28281395ns,1 [trace decode.cpp:72]",28281345,0x80000184,BGE,"SM 1 warp 1 0x80000184               BGE_0x02905e63 mask=FFFFFFFF, JUMP=false @28281345ns,1 [trace exec_salu.cpp:339]",28281435,0x80000188,JAL,"SM 1 warp 1 0x80000188               JAL_0x0040006f JUMP=true, jumpTO 0x8000018c @28281435ns,1 [trace exec_salu.cpp:108]",0
78,1,5,28281435,0x800001b4,REGEXT,"SM 1 warp 5 0x800001b4            REGEXT_0x0010200b REGEXT(s3,s2,s1,d)=0,0,0,1 @28281435ns,1 [trace decode.cpp:72]",28281385,0x80000184,BGE,"SM 1 warp 5 0x80000184               BGE_0x02905e63 mask=FFFFFFFF, JUMP=false @28281385ns,1 [trace exec_salu.cpp:339]",28281455,0x80000188,JAL,"SM 1 warp 5 0x80000188               JAL_0x0040006f JUMP=true, jumpTO 0x8000018c @28281455ns,1 [trace exec_salu.cpp:108]",0
85,1,6,54991275,0x800001b4,REGEXT,"SM 1 warp 6 0x800001b4            REGEXT_0x0010200b REGEXT(s3,s2,s1,d)=0,0,0,1 @54991275ns,1 [trace decode.cpp:72]",54991275,0x80000188,JAL,"SM 1 warp 6 0x80000188               JAL_0x0040006f JUMP=true, jumpTO 0x8000018c @54991275ns,1 [trace exec_salu.cpp:108]",54991285,0x80000188,JAL,"SM 1 warp 6 0x80000188               JAL_0x0040006f WB x[000]=0x8000018c @54991285ns,1 [trace regfile.cpp:87]",0
86,1,5,54991285,0x800001b4,REGEXT,"SM 1 warp 5 0x800001b4            REGEXT_0x0010200b REGEXT(s3,s2,s1,d)=0,0,0,1 @54991285ns,1 [trace decode.cpp:72]",54991285,0x80000188,JAL,"SM 1 warp 5 0x80000188               JAL_0x0040006f JUMP=true, jumpTO 0x8000018c @54991285ns,1 [trace exec_salu.cpp:108]",54991295,0x80000188,JAL,"SM 1 warp 5 0x80000188               JAL_0x0040006f WB x[000]=0x8000018c @54991295ns,1 [trace regfile.cpp:87]",0
88,1,3,54991265,0x800001b4,REGEXT,"SM 1 warp 3 0x800001b4            REGEXT_0x0010200b REGEXT(s3,s2,s1,d)=0,0,0,1 @54991265ns,1 [trace decode.cpp:72]",54991215,0x80000184,BGE,"SM 1 warp 3 0x80000184               BGE_0x02905e63 mask=FFFFFFFF, JUMP=false @54991215ns,1 [trace exec_salu.cpp:339]",54991305,0x80000188,JAL,"SM 1 warp 3 0x80000188               JAL_0x0040006f JUMP=true, jumpTO 0x8000018c @54991305ns,1 [trace exec_salu.cpp:108]",0
90,1,7,54991305,0x800001b4,REGEXT,"SM 1 warp 7 0x800001b4            REGEXT_0x0010200b REGEXT(s3,s2,s1,d)=0,0,0,1 @54991305ns,1 [trace decode.cpp:72]",54991255,0x80000184,BGE,"SM 1 warp 7 0x80000184               BGE_0x02905e63 mask=FFFFFFFF, JUMP=false @54991255ns,1 [trace exec_salu.cpp:339]",54991325,0x80000188,JAL,"SM 1 warp 7 0x80000188               JAL_0x0040006f JUMP=true, jumpTO 0x8000018c @54991325ns,1 [trace exec_salu.cpp:108]",0
97,1,6,81936885,0x800001b4,REGEXT,"SM 1 warp 6 0x800001b4            REGEXT_0x0010200b REGEXT(s3,s2,s1,d)=0,0,0,1 @81936885ns,1 [trace decode.cpp:72]",81936885,0x80000188,JAL,"SM 1 warp 6 0x80000188               JAL_0x0040006f JUMP=true, jumpTO 0x8000018c @81936885ns,1 [trace exec_salu.cpp:108]",81936895,0x80000188,JAL,"SM 1 warp 6 0x80000188               JAL_0x0040006f WB x[000]=0x8000018c @81936895ns,1 [trace regfile.cpp:87]",0
98,1,5,81936895,0x800001b4,REGEXT,"SM 1 warp 5 0x800001b4            REGEXT_0x0010200b REGEXT(s3,s2,s1,d)=0,0,0,1 @81936895ns,1 [trace decode.cpp:72]",81936895,0x80000188,JAL,"SM 1 warp 5 0x80000188               JAL_0x0040006f JUMP=true, jumpTO 0x8000018c @81936895ns,1 [trace exec_salu.cpp:108]",81936905,0x80000188,JAL,"SM 1 warp 5 0x80000188               JAL_0x0040006f WB x[000]=0x8000018c @81936905ns,1 [trace regfile.cpp:87]",0
100,1,3,81936875,0x800001b4,REGEXT,"SM 1 warp 3 0x800001b4            REGEXT_0x0010200b REGEXT(s3,s2,s1,d)=0,0,0,1 @81936875ns,1 [trace decode.cpp:72]",81936825,0x80000184,BGE,"SM 1 warp 3 0x80000184               BGE_0x02905e63 mask=FFFFFFFF, JUMP=false @81936825ns,1 [trace exec_salu.cpp:339]",81936915,0x80000188,JAL,"SM 1 warp 3 0x80000188               JAL_0x0040006f JUMP=true, jumpTO 0x8000018c @81936915ns,1 [trace exec_salu.cpp:108]",0
102,1,7,81936915,0x800001b4,REGEXT,"SM 1 warp 7 0x800001b4            REGEXT_0x0010200b REGEXT(s3,s2,s1,d)=0,0,0,1 @81936915ns,1 [trace decode.cpp:72]",81936865,0x80000184,BGE,"SM 1 warp 7 0x80000184               BGE_0x02905e63 mask=FFFFFFFF, JUMP=false @81936865ns,1 [trace exec_salu.cpp:339]",81936935,0x80000188,JAL,"SM 1 warp 7 0x80000188               JAL_0x0040006f JUMP=true, jumpTO 0x8000018c @81936935ns,1 [trace exec_salu.cpp:108]",0
109,1,5,108878385,0x800001b4,REGEXT,"SM 1 warp 5 0x800001b4            REGEXT_0x0010200b REGEXT(s3,s2,s1,d)=0,0,0,1 @108878385ns,1 [trace decode.cpp:72]",108878385,0x80000188,JAL,"SM 1 warp 5 0x80000188               JAL_0x0040006f JUMP=true, jumpTO 0x8000018c @108878385ns,1 [trace exec_salu.cpp:108]",108878395,0x80000188,JAL,"SM 1 warp 5 0x80000188               JAL_0x0040006f WB x[000]=0x8000018c @108878395ns,1 [trace regfile.cpp:87]",0
110,1,6,108878395,0x800001b4,REGEXT,"SM 1 warp 6 0x800001b4            REGEXT_0x0010200b REGEXT(s3,s2,s1,d)=0,0,0,1 @108878395ns,1 [trace decode.cpp:72]",108878395,0x80000188,JAL,"SM 1 warp 6 0x80000188               JAL_0x0040006f JUMP=true, jumpTO 0x8000018c @108878395ns,1 [trace exec_salu.cpp:108]",108878405,0x80000188,JAL,"SM 1 warp 6 0x80000188               JAL_0x0040006f WB x[000]=0x8000018c @108878405ns,1 [trace regfile.cpp:87]",0
112,1,4,108878375,0x800001b4,REGEXT,"SM 1 warp 4 0x800001b4            REGEXT_0x0010200b REGEXT(s3,s2,s1,d)=0,0,0,1 @108878375ns,1 [trace decode.cpp:72]",108878325,0x80000184,BGE,"SM 1 warp 4 0x80000184               BGE_0x02905e63 mask=FFFFFFFF, JUMP=false @108878325ns,1 [trace exec_salu.cpp:339]",108878415,0x80000188,JAL,"SM 1 warp 4 0x80000188               JAL_0x0040006f JUMP=true, jumpTO 0x8000018c @108878415ns,1 [trace exec_salu.cpp:108]",0
114,1,0,108878415,0x800001b4,REGEXT,"SM 1 warp 0 0x800001b4            REGEXT_0x0010200b REGEXT(s3,s2,s1,d)=0,0,0,1 @108878415ns,1 [trace decode.cpp:72]",108878365,0x80000184,BGE,"SM 1 warp 0 0x80000184               BGE_0x02905e63 mask=FFFFFFFF, JUMP=false @108878365ns,1 [trace exec_salu.cpp:339]",108878435,0x80000188,JAL,"SM 1 warp 0 0x80000188               JAL_0x0040006f JUMP=true, jumpTO 0x8000018c @108878435ns,1 [trace exec_salu.cpp:108]",0
121,1,4,135847545,0x800001b4,REGEXT,"SM 1 warp 4 0x800001b4            REGEXT_0x0010200b REGEXT(s3,s2,s1,d)=0,0,0,1 @135847545ns,1 [trace decode.cpp:72]",135847545,0x80000188,JAL,"SM 1 warp 4 0x80000188               JAL_0x0040006f JUMP=true, jumpTO 0x8000018c @135847545ns,1 [trace exec_salu.cpp:108]",135847555,0x80000188,JAL,"SM 1 warp 4 0x80000188               JAL_0x0040006f WB x[000]=0x8000018c @135847555ns,1 [trace regfile.cpp:87]",0
122,1,7,135847555,0x800001b4,REGEXT,"SM 1 warp 7 0x800001b4            REGEXT_0x0010200b REGEXT(s3,s2,s1,d)=0,0,0,1 @135847555ns,1 [trace decode.cpp:72]",135847555,0x80000188,JAL,"SM 1 warp 7 0x80000188               JAL_0x0040006f JUMP=true, jumpTO 0x8000018c @135847555ns,1 [trace exec_salu.cpp:108]",135847565,0x80000188,JAL,"SM 1 warp 7 0x80000188               JAL_0x0040006f WB x[000]=0x8000018c @135847565ns,1 [trace regfile.cpp:87]",0
124,1,5,135847535,0x800001b4,REGEXT,"SM 1 warp 5 0x800001b4            REGEXT_0x0010200b REGEXT(s3,s2,s1,d)=0,0,0,1 @135847535ns,1 [trace decode.cpp:72]",135847485,0x80000184,BGE,"SM 1 warp 5 0x80000184               BGE_0x02905e63 mask=FFFFFFFF, JUMP=false @135847485ns,1 [trace exec_salu.cpp:339]",135847575,0x80000188,JAL,"SM 1 warp 5 0x80000188               JAL_0x0040006f JUMP=true, jumpTO 0x8000018c @135847575ns,1 [trace exec_salu.cpp:108]",0
126,1,1,135847575,0x800001b4,REGEXT,"SM 1 warp 1 0x800001b4            REGEXT_0x0010200b REGEXT(s3,s2,s1,d)=0,0,0,1 @135847575ns,1 [trace decode.cpp:72]",135847525,0x80000184,BGE,"SM 1 warp 1 0x80000184               BGE_0x02905e63 mask=FFFFFFFF, JUMP=false @135847525ns,1 [trace exec_salu.cpp:339]",135847595,0x80000188,JAL,"SM 1 warp 1 0x80000188               JAL_0x0040006f JUMP=true, jumpTO 0x8000018c @135847595ns,1 [trace exec_salu.cpp:108]",0
133,1,5,162815025,0x800001b4,REGEXT,"SM 1 warp 5 0x800001b4            REGEXT_0x0010200b REGEXT(s3,s2,s1,d)=0,0,0,1 @162815025ns,1 [trace decode.cpp:72]",162815025,0x80000188,JAL,"SM 1 warp 5 0x80000188               JAL_0x0040006f JUMP=true, jumpTO 0x8000018c @162815025ns,1 [trace exec_salu.cpp:108]",162815035,0x80000188,JAL,"SM 1 warp 5 0x80000188               JAL_0x0040006f WB x[000]=0x8000018c @162815035ns,1 [trace regfile.cpp:87]",0
134,1,6,162815035,0x800001b4,REGEXT,"SM 1 warp 6 0x800001b4            REGEXT_0x0010200b REGEXT(s3,s2,s1,d)=0,0,0,1 @162815035ns,1 [trace decode.cpp:72]",162815035,0x80000188,JAL,"SM 1 warp 6 0x80000188               JAL_0x0040006f JUMP=true, jumpTO 0x8000018c @162815035ns,1 [trace exec_salu.cpp:108]",162815045,0x80000188,JAL,"SM 1 warp 6 0x80000188               JAL_0x0040006f WB x[000]=0x8000018c @162815045ns,1 [trace regfile.cpp:87]",0
136,1,4,162815015,0x800001b4,REGEXT,"SM 1 warp 4 0x800001b4            REGEXT_0x0010200b REGEXT(s3,s2,s1,d)=0,0,0,1 @162815015ns,1 [trace decode.cpp:72]",162814965,0x80000184,BGE,"SM 1 warp 4 0x80000184               BGE_0x02905e63 mask=FFFFFFFF, JUMP=false @162814965ns,1 [trace exec_salu.cpp:339]",162815055,0x80000188,JAL,"SM 1 warp 4 0x80000188               JAL_0x0040006f JUMP=true, jumpTO 0x8000018c @162815055ns,1 [trace exec_salu.cpp:108]",0
138,1,0,162815055,0x800001b4,REGEXT,"SM 1 warp 0 0x800001b4            REGEXT_0x0010200b REGEXT(s3,s2,s1,d)=0,0,0,1 @162815055ns,1 [trace decode.cpp:72]",162815005,0x80000184,BGE,"SM 1 warp 0 0x80000184               BGE_0x02905e63 mask=FFFFFFFF, JUMP=false @162815005ns,1 [trace exec_salu.cpp:339]",162815075,0x80000188,JAL,"SM 1 warp 0 0x80000188               JAL_0x0040006f JUMP=true, jumpTO 0x8000018c @162815075ns,1 [trace exec_salu.cpp:108]",0
145,1,5,189784425,0x800001b4,REGEXT,"SM 1 warp 5 0x800001b4            REGEXT_0x0010200b REGEXT(s3,s2,s1,d)=0,0,0,1 @189784425ns,1 [trace decode.cpp:72]",189784425,0x80000188,JAL,"SM 1 warp 5 0x80000188               JAL_0x0040006f JUMP=true, jumpTO 0x8000018c @189784425ns,1 [trace exec_salu.cpp:108]",189784435,0x80000188,JAL,"SM 1 warp 5 0x80000188               JAL_0x0040006f WB x[000]=0x8000018c @189784435ns,1 [trace regfile.cpp:87]",0
146,1,6,189784435,0x800001b4,REGEXT,"SM 1 warp 6 0x800001b4            REGEXT_0x0010200b REGEXT(s3,s2,s1,d)=0,0,0,1 @189784435ns,1 [trace decode.cpp:72]",189784435,0x80000188,JAL,"SM 1 warp 6 0x80000188               JAL_0x0040006f JUMP=true, jumpTO 0x8000018c @189784435ns,1 [trace exec_salu.cpp:108]",189784445,0x80000188,JAL,"SM 1 warp 6 0x80000188               JAL_0x0040006f WB x[000]=0x8000018c @189784445ns,1 [trace regfile.cpp:87]",0
148,1,4,189784415,0x800001b4,REGEXT,"SM 1 warp 4 0x800001b4            REGEXT_0x0010200b REGEXT(s3,s2,s1,d)=0,0,0,1 @189784415ns,1 [trace decode.cpp:72]",189784365,0x80000184,BGE,"SM 1 warp 4 0x80000184               BGE_0x02905e63 mask=FFFFFFFF, JUMP=false @189784365ns,1 [trace exec_salu.cpp:339]",189784455,0x80000188,JAL,"SM 1 warp 4 0x80000188               JAL_0x0040006f JUMP=true, jumpTO 0x8000018c @189784455ns,1 [trace exec_salu.cpp:108]",0
150,1,0,189784455,0x800001b4,REGEXT,"SM 1 warp 0 0x800001b4            REGEXT_0x0010200b REGEXT(s3,s2,s1,d)=0,0,0,1 @189784455ns,1 [trace decode.cpp:72]",189784405,0x80000184,BGE,"SM 1 warp 0 0x80000184               BGE_0x02905e63 mask=FFFFFFFF, JUMP=false @189784405ns,1 [trace exec_salu.cpp:339]",189784475,0x80000188,JAL,"SM 1 warp 0 0x80000188               JAL_0x0040006f JUMP=true, jumpTO 0x8000018c @189784475ns,1 [trace exec_salu.cpp:108]",0
157,1,5,216677865,0x800001b4,REGEXT,"SM 1 warp 5 0x800001b4            REGEXT_0x0010200b REGEXT(s3,s2,s1,d)=0,0,0,1 @216677865ns,1 [trace decode.cpp:72]",216677865,0x80000188,JAL,"SM 1 warp 5 0x80000188               JAL_0x0040006f JUMP=true, jumpTO 0x8000018c @216677865ns,1 [trace exec_salu.cpp:108]",216677875,0x80000188,JAL,"SM 1 warp 5 0x80000188               JAL_0x0040006f WB x[000]=0x8000018c @216677875ns,1 [trace regfile.cpp:87]",0
158,1,6,216677875,0x800001b4,REGEXT,"SM 1 warp 6 0x800001b4            REGEXT_0x0010200b REGEXT(s3,s2,s1,d)=0,0,0,1 @216677875ns,1 [trace decode.cpp:72]",216677875,0x80000188,JAL,"SM 1 warp 6 0x80000188               JAL_0x0040006f JUMP=true, jumpTO 0x8000018c @216677875ns,1 [trace exec_salu.cpp:108]",216677885,0x80000188,JAL,"SM 1 warp 6 0x80000188               JAL_0x0040006f WB x[000]=0x8000018c @216677885ns,1 [trace regfile.cpp:87]",0
160,1,4,216677855,0x800001b4,REGEXT,"SM 1 warp 4 0x800001b4            REGEXT_0x0010200b REGEXT(s3,s2,s1,d)=0,0,0,1 @216677855ns,1 [trace decode.cpp:72]",216677805,0x80000184,BGE,"SM 1 warp 4 0x80000184               BGE_0x02905e63 mask=FFFFFFFF, JUMP=false @216677805ns,1 [trace exec_salu.cpp:339]",216677895,0x80000188,JAL,"SM 1 warp 4 0x80000188               JAL_0x0040006f JUMP=true, jumpTO 0x8000018c @216677895ns,1 [trace exec_salu.cpp:108]",0
162,1,0,216677895,0x800001b4,REGEXT,"SM 1 warp 0 0x800001b4            REGEXT_0x0010200b REGEXT(s3,s2,s1,d)=0,0,0,1 @216677895ns,1 [trace decode.cpp:72]",216677845,0x80000184,BGE,"SM 1 warp 0 0x80000184               BGE_0x02905e63 mask=FFFFFFFF, JUMP=false @216677845ns,1 [trace exec_salu.cpp:339]",216677915,0x80000188,JAL,"SM 1 warp 0 0x80000188               JAL_0x0040006f JUMP=true, jumpTO 0x8000018c @216677915ns,1 [trace exec_salu.cpp:108]",0
169,1,5,244946385,0x800001b4,REGEXT,"SM 1 warp 5 0x800001b4            REGEXT_0x0010200b REGEXT(s3,s2,s1,d)=0,0,0,1 @244946385ns,1 [trace decode.cpp:72]",244946385,0x80000188,JAL,"SM 1 warp 5 0x80000188               JAL_0x0040006f JUMP=true, jumpTO 0x8000018c @244946385ns,1 [trace exec_salu.cpp:108]",244946395,0x80000188,JAL,"SM 1 warp 5 0x80000188               JAL_0x0040006f WB x[000]=0x8000018c @244946395ns,1 [trace regfile.cpp:87]",0
170,1,4,244946395,0x800001b4,REGEXT,"SM 1 warp 4 0x800001b4            REGEXT_0x0010200b REGEXT(s3,s2,s1,d)=0,0,0,1 @244946395ns,1 [trace decode.cpp:72]",244946395,0x80000188,JAL,"SM 1 warp 4 0x80000188               JAL_0x0040006f JUMP=true, jumpTO 0x8000018c @244946395ns,1 [trace exec_salu.cpp:108]",244946405,0x80000188,JAL,"SM 1 warp 4 0x80000188               JAL_0x0040006f WB x[000]=0x8000018c @244946405ns,1 [trace regfile.cpp:87]",0
172,1,2,244946375,0x800001b4,REGEXT,"SM 1 warp 2 0x800001b4            REGEXT_0x0010200b REGEXT(s3,s2,s1,d)=0,0,0,1 @244946375ns,1 [trace decode.cpp:72]",244946325,0x80000184,BGE,"SM 1 warp 2 0x80000184               BGE_0x02905e63 mask=FFFFFFFF, JUMP=false @244946325ns,1 [trace exec_salu.cpp:339]",244946415,0x80000188,JAL,"SM 1 warp 2 0x80000188               JAL_0x0040006f JUMP=true, jumpTO 0x8000018c @244946415ns,1 [trace exec_salu.cpp:108]",0
174,1,6,244946415,0x800001b4,REGEXT,"SM 1 warp 6 0x800001b4            REGEXT_0x0010200b REGEXT(s3,s2,s1,d)=0,0,0,1 @244946415ns,1 [trace decode.cpp:72]",244946365,0x80000184,BGE,"SM 1 warp 6 0x80000184               BGE_0x02905e63 mask=FFFFFFFF, JUMP=false @244946365ns,1 [trace exec_salu.cpp:339]",244946435,0x80000188,JAL,"SM 1 warp 6 0x80000188               JAL_0x0040006f JUMP=true, jumpTO 0x8000018c @244946435ns,1 [trace exec_salu.cpp:108]",0
181,1,5,271862235,0x800001b4,REGEXT,"SM 1 warp 5 0x800001b4            REGEXT_0x0010200b REGEXT(s3,s2,s1,d)=0,0,0,1 @271862235ns,1 [trace decode.cpp:72]",271862235,0x80000188,JAL,"SM 1 warp 5 0x80000188               JAL_0x0040006f JUMP=true, jumpTO 0x8000018c @271862235ns,1 [trace exec_salu.cpp:108]",271862245,0x80000188,JAL,"SM 1 warp 5 0x80000188               JAL_0x0040006f WB x[000]=0x8000018c @271862245ns,1 [trace regfile.cpp:87]",0
182,1,6,271862245,0x800001b4,REGEXT,"SM 1 warp 6 0x800001b4            REGEXT_0x0010200b REGEXT(s3,s2,s1,d)=0,0,0,1 @271862245ns,1 [trace decode.cpp:72]",271862245,0x80000188,JAL,"SM 1 warp 6 0x80000188               JAL_0x0040006f JUMP=true, jumpTO 0x8000018c @271862245ns,1 [trace exec_salu.cpp:108]",271862255,0x80000188,JAL,"SM 1 warp 6 0x80000188               JAL_0x0040006f WB x[000]=0x8000018c @271862255ns,1 [trace regfile.cpp:87]",0
184,1,4,271862225,0x800001b4,REGEXT,"SM 1 warp 4 0x800001b4            REGEXT_0x0010200b REGEXT(s3,s2,s1,d)=0,0,0,1 @271862225ns,1 [trace decode.cpp:72]",271862175,0x80000184,BGE,"SM 1 warp 4 0x80000184               BGE_0x02905e63 mask=FFFFFFFF, JUMP=false @271862175ns,1 [trace exec_salu.cpp:339]",271862265,0x80000188,JAL,"SM 1 warp 4 0x80000188               JAL_0x0040006f JUMP=true, jumpTO 0x8000018c @271862265ns,1 [trace exec_salu.cpp:108]",0
186,1,0,271862265,0x800001b4,REGEXT,"SM 1 warp 0 0x800001b4            REGEXT_0x0010200b REGEXT(s3,s2,s1,d)=0,0,0,1 @271862265ns,1 [trace decode.cpp:72]",271862215,0x80000184,BGE,"SM 1 warp 0 0x80000184               BGE_0x02905e63 mask=FFFFFFFF, JUMP=false @271862215ns,1 [trace exec_salu.cpp:339]",271862285,0x80000188,JAL,"SM 1 warp 0 0x80000188               JAL_0x0040006f JUMP=true, jumpTO 0x8000018c @271862285ns,1 [trace exec_salu.cpp:108]",0
193,1,4,298831215,0x800001b4,REGEXT,"SM 1 warp 4 0x800001b4            REGEXT_0x0010200b REGEXT(s3,s2,s1,d)=0,0,0,1 @298831215ns,1 [trace decode.cpp:72]",298831215,0x80000188,JAL,"SM 1 warp 4 0x80000188               JAL_0x0040006f JUMP=true, jumpTO 0x8000018c @298831215ns,1 [trace exec_salu.cpp:108]",298831225,0x80000188,JAL,"SM 1 warp 4 0x80000188               JAL_0x0040006f WB x[000]=0x8000018c @298831225ns,1 [trace regfile.cpp:87]",0
194,1,7,298831225,0x800001b4,REGEXT,"SM 1 warp 7 0x800001b4            REGEXT_0x0010200b REGEXT(s3,s2,s1,d)=0,0,0,1 @298831225ns,1 [trace decode.cpp:72]",298831225,0x80000188,JAL,"SM 1 warp 7 0x80000188               JAL_0x0040006f JUMP=true, jumpTO 0x8000018c @298831225ns,1 [trace exec_salu.cpp:108]",298831235,0x80000188,JAL,"SM 1 warp 7 0x80000188               JAL_0x0040006f WB x[000]=0x8000018c @298831235ns,1 [trace regfile.cpp:87]",0
196,1,5,298831205,0x800001b4,REGEXT,"SM 1 warp 5 0x800001b4            REGEXT_0x0010200b REGEXT(s3,s2,s1,d)=0,0,0,1 @298831205ns,1 [trace decode.cpp:72]",298831155,0x80000184,BGE,"SM 1 warp 5 0x80000184               BGE_0x02905e63 mask=FFFFFFFF, JUMP=false @298831155ns,1 [trace exec_salu.cpp:339]",298831245,0x80000188,JAL,"SM 1 warp 5 0x80000188               JAL_0x0040006f JUMP=true, jumpTO 0x8000018c @298831245ns,1 [trace exec_salu.cpp:108]",0
198,1,1,298831245,0x800001b4,REGEXT,"SM 1 warp 1 0x800001b4            REGEXT_0x0010200b REGEXT(s3,s2,s1,d)=0,0,0,1 @298831245ns,1 [trace decode.cpp:72]",298831195,0x80000184,BGE,"SM 1 warp 1 0x80000184               BGE_0x02905e63 mask=FFFFFFFF, JUMP=false @298831195ns,1 [trace exec_salu.cpp:339]",298831265,0x80000188,JAL,"SM 1 warp 1 0x80000188               JAL_0x0040006f JUMP=true, jumpTO 0x8000018c @298831265ns,1 [trace exec_salu.cpp:108]",0
205,1,5,325518045,0x800001b4,REGEXT,"SM 1 warp 5 0x800001b4            REGEXT_0x0010200b REGEXT(s3,s2,s1,d)=0,0,0,1 @325518045ns,1 [trace decode.cpp:72]",325518045,0x80000188,JAL,"SM 1 warp 5 0x80000188               JAL_0x0040006f JUMP=true, jumpTO 0x8000018c @325518045ns,1 [trace exec_salu.cpp:108]",325518055,0x80000188,JAL,"SM 1 warp 5 0x80000188               JAL_0x0040006f WB x[000]=0x8000018c @325518055ns,1 [trace regfile.cpp:87]",0
206,1,0,325518055,0x800001b4,REGEXT,"SM 1 warp 0 0x800001b4            REGEXT_0x0010200b REGEXT(s3,s2,s1,d)=0,0,0,1 @325518055ns,1 [trace decode.cpp:72]",325518055,0x80000188,JAL,"SM 1 warp 0 0x80000188               JAL_0x0040006f JUMP=true, jumpTO 0x8000018c @325518055ns,1 [trace exec_salu.cpp:108]",325518065,0x80000188,JAL,"SM 1 warp 0 0x80000188               JAL_0x0040006f WB x[000]=0x8000018c @325518065ns,1 [trace regfile.cpp:87]",0
208,1,6,325518035,0x800001b4,REGEXT,"SM 1 warp 6 0x800001b4            REGEXT_0x0010200b REGEXT(s3,s2,s1,d)=0,0,0,1 @325518035ns,1 [trace decode.cpp:72]",325517985,0x80000184,BGE,"SM 1 warp 6 0x80000184               BGE_0x02905e63 mask=FFFFFFFF, JUMP=false @325517985ns,1 [trace exec_salu.cpp:339]",325518075,0x80000188,JAL,"SM 1 warp 6 0x80000188               JAL_0x0040006f JUMP=true, jumpTO 0x8000018c @325518075ns,1 [trace exec_salu.cpp:108]",0
210,1,2,325518075,0x800001b4,REGEXT,"SM 1 warp 2 0x800001b4            REGEXT_0x0010200b REGEXT(s3,s2,s1,d)=0,0,0,1 @325518075ns,1 [trace decode.cpp:72]",325518025,0x80000184,BGE,"SM 1 warp 2 0x80000184               BGE_0x02905e63 mask=FFFFFFFF, JUMP=false @325518025ns,1 [trace exec_salu.cpp:339]",325518095,0x80000188,JAL,"SM 1 warp 2 0x80000188               JAL_0x0040006f JUMP=true, jumpTO 0x8000018c @325518095ns,1 [trace exec_salu.cpp:108]",0
217,1,3,352487055,0x800001b4,REGEXT,"SM 1 warp 3 0x800001b4            REGEXT_0x0010200b REGEXT(s3,s2,s1,d)=0,0,0,1 @352487055ns,1 [trace decode.cpp:72]",352487055,0x80000188,JAL,"SM 1 warp 3 0x80000188               JAL_0x0040006f JUMP=true, jumpTO 0x8000018c @352487055ns,1 [trace exec_salu.cpp:108]",352487065,0x80000188,JAL,"SM 1 warp 3 0x80000188               JAL_0x0040006f WB x[000]=0x8000018c @352487065ns,1 [trace regfile.cpp:87]",0
218,1,0,352487065,0x800001b4,REGEXT,"SM 1 warp 0 0x800001b4            REGEXT_0x0010200b REGEXT(s3,s2,s1,d)=0,0,0,1 @352487065ns,1 [trace decode.cpp:72]",352487065,0x80000188,JAL,"SM 1 warp 0 0x80000188               JAL_0x0040006f JUMP=true, jumpTO 0x8000018c @352487065ns,1 [trace exec_salu.cpp:108]",352487075,0x80000188,JAL,"SM 1 warp 0 0x80000188               JAL_0x0040006f WB x[000]=0x8000018c @352487075ns,1 [trace regfile.cpp:87]",0
220,1,6,352487045,0x800001b4,REGEXT,"SM 1 warp 6 0x800001b4            REGEXT_0x0010200b REGEXT(s3,s2,s1,d)=0,0,0,1 @352487045ns,1 [trace decode.cpp:72]",352486995,0x80000184,BGE,"SM 1 warp 6 0x80000184               BGE_0x02905e63 mask=FFFFFFFF, JUMP=false @352486995ns,1 [trace exec_salu.cpp:339]",352487085,0x80000188,JAL,"SM 1 warp 6 0x80000188               JAL_0x0040006f JUMP=true, jumpTO 0x8000018c @352487085ns,1 [trace exec_salu.cpp:108]",0
222,1,2,352487085,0x800001b4,REGEXT,"SM 1 warp 2 0x800001b4            REGEXT_0x0010200b REGEXT(s3,s2,s1,d)=0,0,0,1 @352487085ns,1 [trace decode.cpp:72]",352487035,0x80000184,BGE,"SM 1 warp 2 0x80000184               BGE_0x02905e63 mask=FFFFFFFF, JUMP=false @352487035ns,1 [trace exec_salu.cpp:339]",352487105,0x80000188,JAL,"SM 1 warp 2 0x80000188               JAL_0x0040006f JUMP=true, jumpTO 0x8000018c @352487105ns,1 [trace exec_salu.cpp:108]",0
229,1,5,379307205,0x800001b4,REGEXT,"SM 1 warp 5 0x800001b4            REGEXT_0x0010200b REGEXT(s3,s2,s1,d)=0,0,0,1 @379307205ns,1 [trace decode.cpp:72]",379307205,0x80000188,JAL,"SM 1 warp 5 0x80000188               JAL_0x0040006f JUMP=true, jumpTO 0x8000018c @379307205ns,1 [trace exec_salu.cpp:108]",379307215,0x80000188,JAL,"SM 1 warp 5 0x80000188               JAL_0x0040006f WB x[000]=0x8000018c @379307215ns,1 [trace regfile.cpp:87]",0
230,1,4,379307215,0x800001b4,REGEXT,"SM 1 warp 4 0x800001b4            REGEXT_0x0010200b REGEXT(s3,s2,s1,d)=0,0,0,1 @379307215ns,1 [trace decode.cpp:72]",379307215,0x80000188,JAL,"SM 1 warp 4 0x80000188               JAL_0x0040006f JUMP=true, jumpTO 0x8000018c @379307215ns,1 [trace exec_salu.cpp:108]",379307225,0x80000188,JAL,"SM 1 warp 4 0x80000188               JAL_0x0040006f WB x[000]=0x8000018c @379307225ns,1 [trace regfile.cpp:87]",0
232,1,2,379307195,0x800001b4,REGEXT,"SM 1 warp 2 0x800001b4            REGEXT_0x0010200b REGEXT(s3,s2,s1,d)=0,0,0,1 @379307195ns,1 [trace decode.cpp:72]",379307145,0x80000184,BGE,"SM 1 warp 2 0x80000184               BGE_0x02905e63 mask=FFFFFFFF, JUMP=false @379307145ns,1 [trace exec_salu.cpp:339]",379307235,0x80000188,JAL,"SM 1 warp 2 0x80000188               JAL_0x0040006f JUMP=true, jumpTO 0x8000018c @379307235ns,1 [trace exec_salu.cpp:108]",0
234,1,6,379307235,0x800001b4,REGEXT,"SM 1 warp 6 0x800001b4            REGEXT_0x0010200b REGEXT(s3,s2,s1,d)=0,0,0,1 @379307235ns,1 [trace decode.cpp:72]",379307185,0x80000184,BGE,"SM 1 warp 6 0x80000184               BGE_0x02905e63 mask=FFFFFFFF, JUMP=false @379307185ns,1 [trace exec_salu.cpp:339]",379307255,0x80000188,JAL,"SM 1 warp 6 0x80000188               JAL_0x0040006f JUMP=true, jumpTO 0x8000018c @379307255ns,1 [trace exec_salu.cpp:108]",0
241,1,5,406274655,0x800001b4,REGEXT,"SM 1 warp 5 0x800001b4            REGEXT_0x0010200b REGEXT(s3,s2,s1,d)=0,0,0,1 @406274655ns,1 [trace decode.cpp:72]",406274655,0x80000188,JAL,"SM 1 warp 5 0x80000188               JAL_0x0040006f JUMP=true, jumpTO 0x8000018c @406274655ns,1 [trace exec_salu.cpp:108]",406274665,0x80000188,JAL,"SM 1 warp 5 0x80000188               JAL_0x0040006f WB x[000]=0x8000018c @406274665ns,1 [trace regfile.cpp:87]",0
242,1,6,406274665,0x800001b4,REGEXT,"SM 1 warp 6 0x800001b4            REGEXT_0x0010200b REGEXT(s3,s2,s1,d)=0,0,0,1 @406274665ns,1 [trace decode.cpp:72]",406274665,0x80000188,JAL,"SM 1 warp 6 0x80000188               JAL_0x0040006f JUMP=true, jumpTO 0x8000018c @406274665ns,1 [trace exec_salu.cpp:108]",406274675,0x80000188,JAL,"SM 1 warp 6 0x80000188               JAL_0x0040006f WB x[000]=0x8000018c @406274675ns,1 [trace regfile.cpp:87]",0
244,1,4,406274645,0x800001b4,REGEXT,"SM 1 warp 4 0x800001b4            REGEXT_0x0010200b REGEXT(s3,s2,s1,d)=0,0,0,1 @406274645ns,1 [trace decode.cpp:72]",406274595,0x80000184,BGE,"SM 1 warp 4 0x80000184               BGE_0x02905e63 mask=FFFFFFFF, JUMP=false @406274595ns,1 [trace exec_salu.cpp:339]",406274685,0x80000188,JAL,"SM 1 warp 4 0x80000188               JAL_0x0040006f JUMP=true, jumpTO 0x8000018c @406274685ns,1 [trace exec_salu.cpp:108]",0
246,1,0,406274685,0x800001b4,REGEXT,"SM 1 warp 0 0x800001b4            REGEXT_0x0010200b REGEXT(s3,s2,s1,d)=0,0,0,1 @406274685ns,1 [trace decode.cpp:72]",406274635,0x80000184,BGE,"SM 1 warp 0 0x80000184               BGE_0x02905e63 mask=FFFFFFFF, JUMP=false @406274635ns,1 [trace exec_salu.cpp:339]",406274705,0x80000188,JAL,"SM 1 warp 0 0x80000188               JAL_0x0040006f JUMP=true, jumpTO 0x8000018c @406274705ns,1 [trace exec_salu.cpp:108]",0
253,1,6,433109595,0x800001b4,REGEXT,"SM 1 warp 6 0x800001b4            REGEXT_0x0010200b REGEXT(s3,s2,s1,d)=0,0,0,1 @433109595ns,1 [trace decode.cpp:72]",433109595,0x80000188,JAL,"SM 1 warp 6 0x80000188               JAL_0x0040006f JUMP=true, jumpTO 0x8000018c @433109595ns,1 [trace exec_salu.cpp:108]",433109605,0x80000188,JAL,"SM 1 warp 6 0x80000188               JAL_0x0040006f WB x[000]=0x8000018c @433109605ns,1 [trace regfile.cpp:87]",0
254,1,5,433109605,0x800001b4,REGEXT,"SM 1 warp 5 0x800001b4            REGEXT_0x0010200b REGEXT(s3,s2,s1,d)=0,0,0,1 @433109605ns,1 [trace decode.cpp:72]",433109605,0x80000188,JAL,"SM 1 warp 5 0x80000188               JAL_0x0040006f JUMP=true, jumpTO 0x8000018c @433109605ns,1 [trace exec_salu.cpp:108]",433109615,0x80000188,JAL,"SM 1 warp 5 0x80000188               JAL_0x0040006f WB x[000]=0x8000018c @433109615ns,1 [trace regfile.cpp:87]",0
256,1,3,433109585,0x800001b4,REGEXT,"SM 1 warp 3 0x800001b4            REGEXT_0x0010200b REGEXT(s3,s2,s1,d)=0,0,0,1 @433109585ns,1 [trace decode.cpp:72]",433109535,0x80000184,BGE,"SM 1 warp 3 0x80000184               BGE_0x02905e63 mask=FFFFFFFF, JUMP=false @433109535ns,1 [trace exec_salu.cpp:339]",433109625,0x80000188,JAL,"SM 1 warp 3 0x80000188               JAL_0x0040006f JUMP=true, jumpTO 0x8000018c @433109625ns,1 [trace exec_salu.cpp:108]",0
258,1,7,433109625,0x800001b4,REGEXT,"SM 1 warp 7 0x800001b4            REGEXT_0x0010200b REGEXT(s3,s2,s1,d)=0,0,0,1 @433109625ns,1 [trace decode.cpp:72]",433109575,0x80000184,BGE,"SM 1 warp 7 0x80000184               BGE_0x02905e63 mask=FFFFFFFF, JUMP=false @433109575ns,1 [trace exec_salu.cpp:339]",433109645,0x80000188,JAL,"SM 1 warp 7 0x80000188               JAL_0x0040006f JUMP=true, jumpTO 0x8000018c @433109645ns,1 [trace exec_salu.cpp:108]",0
265,1,5,461362965,0x800001b4,REGEXT,"SM 1 warp 5 0x800001b4            REGEXT_0x0010200b REGEXT(s3,s2,s1,d)=0,0,0,1 @461362965ns,1 [trace decode.cpp:72]",461362965,0x80000188,JAL,"SM 1 warp 5 0x80000188               JAL_0x0040006f JUMP=true, jumpTO 0x8000018c @461362965ns,1 [trace exec_salu.cpp:108]",461362975,0x80000188,JAL,"SM 1 warp 5 0x80000188               JAL_0x0040006f WB x[000]=0x8000018c @461362975ns,1 [trace regfile.cpp:87]",0
266,1,4,461362975,0x800001b4,REGEXT,"SM 1 warp 4 0x800001b4            REGEXT_0x0010200b REGEXT(s3,s2,s1,d)=0,0,0,1 @461362975ns,1 [trace decode.cpp:72]",461362975,0x80000188,JAL,"SM 1 warp 4 0x80000188               JAL_0x0040006f JUMP=true, jumpTO 0x8000018c @461362975ns,1 [trace exec_salu.cpp:108]",461362985,0x80000188,JAL,"SM 1 warp 4 0x80000188               JAL_0x0040006f WB x[000]=0x8000018c @461362985ns,1 [trace regfile.cpp:87]",0
268,1,2,461362955,0x800001b4,REGEXT,"SM 1 warp 2 0x800001b4            REGEXT_0x0010200b REGEXT(s3,s2,s1,d)=0,0,0,1 @461362955ns,1 [trace decode.cpp:72]",461362905,0x80000184,BGE,"SM 1 warp 2 0x80000184               BGE_0x02905e63 mask=FFFFFFFF, JUMP=false @461362905ns,1 [trace exec_salu.cpp:339]",461362995,0x80000188,JAL,"SM 1 warp 2 0x80000188               JAL_0x0040006f JUMP=true, jumpTO 0x8000018c @461362995ns,1 [trace exec_salu.cpp:108]",0
270,1,6,461362995,0x800001b4,REGEXT,"SM 1 warp 6 0x800001b4            REGEXT_0x0010200b REGEXT(s3,s2,s1,d)=0,0,0,1 @461362995ns,1 [trace decode.cpp:72]",461362945,0x80000184,BGE,"SM 1 warp 6 0x80000184               BGE_0x02905e63 mask=FFFFFFFF, JUMP=false @461362945ns,1 [trace exec_salu.cpp:339]",461363015,0x80000188,JAL,"SM 1 warp 6 0x80000188               JAL_0x0040006f JUMP=true, jumpTO 0x8000018c @461363015ns,1 [trace exec_salu.cpp:108]",0
277,1,6,488169915,0x800001b4,REGEXT,"SM 1 warp 6 0x800001b4            REGEXT_0x0010200b REGEXT(s3,s2,s1,d)=0,0,0,1 @488169915ns,1 [trace decode.cpp:72]",488169915,0x80000188,JAL,"SM 1 warp 6 0x80000188               JAL_0x0040006f JUMP=true, jumpTO 0x8000018c @488169915ns,1 [trace exec_salu.cpp:108]",488169925,0x80000188,JAL,"SM 1 warp 6 0x80000188               JAL_0x0040006f WB x[000]=0x8000018c @488169925ns,1 [trace regfile.cpp:87]",0
278,1,5,488169925,0x800001b4,REGEXT,"SM 1 warp 5 0x800001b4            REGEXT_0x0010200b REGEXT(s3,s2,s1,d)=0,0,0,1 @488169925ns,1 [trace decode.cpp:72]",488169925,0x80000188,JAL,"SM 1 warp 5 0x80000188               JAL_0x0040006f JUMP=true, jumpTO 0x8000018c @488169925ns,1 [trace exec_salu.cpp:108]",488169935,0x80000188,JAL,"SM 1 warp 5 0x80000188               JAL_0x0040006f WB x[000]=0x8000018c @488169935ns,1 [trace regfile.cpp:87]",0
280,1,3,488169905,0x800001b4,REGEXT,"SM 1 warp 3 0x800001b4            REGEXT_0x0010200b REGEXT(s3,s2,s1,d)=0,0,0,1 @488169905ns,1 [trace decode.cpp:72]",488169855,0x80000184,BGE,"SM 1 warp 3 0x80000184               BGE_0x02905e63 mask=FFFFFFFF, JUMP=false @488169855ns,1 [trace exec_salu.cpp:339]",488169945,0x80000188,JAL,"SM 1 warp 3 0x80000188               JAL_0x0040006f JUMP=true, jumpTO 0x8000018c @488169945ns,1 [trace exec_salu.cpp:108]",0
282,1,7,488169945,0x800001b4,REGEXT,"SM 1 warp 7 0x800001b4            REGEXT_0x0010200b REGEXT(s3,s2,s1,d)=0,0,0,1 @488169945ns,1 [trace decode.cpp:72]",488169895,0x80000184,BGE,"SM 1 warp 7 0x80000184               BGE_0x02905e63 mask=FFFFFFFF, JUMP=false @488169895ns,1 [trace exec_salu.cpp:339]",488169965,0x80000188,JAL,"SM 1 warp 7 0x80000188               JAL_0x0040006f JUMP=true, jumpTO 0x8000018c @488169965ns,1 [trace exec_salu.cpp:108]",0
289,1,6,515115525,0x800001b4,REGEXT,"SM 1 warp 6 0x800001b4            REGEXT_0x0010200b REGEXT(s3,s2,s1,d)=0,0,0,1 @515115525ns,1 [trace decode.cpp:72]",515115525,0x80000188,JAL,"SM 1 warp 6 0x80000188               JAL_0x0040006f JUMP=true, jumpTO 0x8000018c @515115525ns,1 [trace exec_salu.cpp:108]",515115535,0x80000188,JAL,"SM 1 warp 6 0x80000188               JAL_0x0040006f WB x[000]=0x8000018c @515115535ns,1 [trace regfile.cpp:87]",0
290,1,5,515115535,0x800001b4,REGEXT,"SM 1 warp 5 0x800001b4            REGEXT_0x0010200b REGEXT(s3,s2,s1,d)=0,0,0,1 @515115535ns,1 [trace decode.cpp:72]",515115535,0x80000188,JAL,"SM 1 warp 5 0x80000188               JAL_0x0040006f JUMP=true, jumpTO 0x8000018c @515115535ns,1 [trace exec_salu.cpp:108]",515115545,0x80000188,JAL,"SM 1 warp 5 0x80000188               JAL_0x0040006f WB x[000]=0x8000018c @515115545ns,1 [trace regfile.cpp:87]",0
292,1,3,515115515,0x800001b4,REGEXT,"SM 1 warp 3 0x800001b4            REGEXT_0x0010200b REGEXT(s3,s2,s1,d)=0,0,0,1 @515115515ns,1 [trace decode.cpp:72]",515115465,0x80000184,BGE,"SM 1 warp 3 0x80000184               BGE_0x02905e63 mask=FFFFFFFF, JUMP=false @515115465ns,1 [trace exec_salu.cpp:339]",515115555,0x80000188,JAL,"SM 1 warp 3 0x80000188               JAL_0x0040006f JUMP=true, jumpTO 0x8000018c @515115555ns,1 [trace exec_salu.cpp:108]",0
294,1,7,515115555,0x800001b4,REGEXT,"SM 1 warp 7 0x800001b4            REGEXT_0x0010200b REGEXT(s3,s2,s1,d)=0,0,0,1 @515115555ns,1 [trace decode.cpp:72]",515115505,0x80000184,BGE,"SM 1 warp 7 0x80000184               BGE_0x02905e63 mask=FFFFFFFF, JUMP=false @515115505ns,1 [trace exec_salu.cpp:339]",515115575,0x80000188,JAL,"SM 1 warp 7 0x80000188               JAL_0x0040006f JUMP=true, jumpTO 0x8000018c @515115575ns,1 [trace exec_salu.cpp:108]",0
301,1,5,542057025,0x800001b4,REGEXT,"SM 1 warp 5 0x800001b4            REGEXT_0x0010200b REGEXT(s3,s2,s1,d)=0,0,0,1 @542057025ns,1 [trace decode.cpp:72]",542057025,0x80000188,JAL,"SM 1 warp 5 0x80000188               JAL_0x0040006f JUMP=true, jumpTO 0x8000018c @542057025ns,1 [trace exec_salu.cpp:108]",542057035,0x80000188,JAL,"SM 1 warp 5 0x80000188               JAL_0x0040006f WB x[000]=0x8000018c @542057035ns,1 [trace regfile.cpp:87]",0
302,1,6,542057035,0x800001b4,REGEXT,"SM 1 warp 6 0x800001b4            REGEXT_0x0010200b REGEXT(s3,s2,s1,d)=0,0,0,1 @542057035ns,1 [trace decode.cpp:72]",542057035,0x80000188,JAL,"SM 1 warp 6 0x80000188               JAL_0x0040006f JUMP=true, jumpTO 0x8000018c @542057035ns,1 [trace exec_salu.cpp:108]",542057045,0x80000188,JAL,"SM 1 warp 6 0x80000188               JAL_0x0040006f WB x[000]=0x8000018c @542057045ns,1 [trace regfile.cpp:87]",0
304,1,4,542057015,0x800001b4,REGEXT,"SM 1 warp 4 0x800001b4            REGEXT_0x0010200b REGEXT(s3,s2,s1,d)=0,0,0,1 @542057015ns,1 [trace decode.cpp:72]",542056965,0x80000184,BGE,"SM 1 warp 4 0x80000184               BGE_0x02905e63 mask=FFFFFFFF, JUMP=false @542056965ns,1 [trace exec_salu.cpp:339]",542057055,0x80000188,JAL,"SM 1 warp 4 0x80000188               JAL_0x0040006f JUMP=true, jumpTO 0x8000018c @542057055ns,1 [trace exec_salu.cpp:108]",0
306,1,0,542057055,0x800001b4,REGEXT,"SM 1 warp 0 0x800001b4            REGEXT_0x0010200b REGEXT(s3,s2,s1,d)=0,0,0,1 @542057055ns,1 [trace decode.cpp:72]",542057005,0x80000184,BGE,"SM 1 warp 0 0x80000184               BGE_0x02905e63 mask=FFFFFFFF, JUMP=false @542057005ns,1 [trace exec_salu.cpp:339]",542057075,0x80000188,JAL,"SM 1 warp 0 0x80000188               JAL_0x0040006f JUMP=true, jumpTO 0x8000018c @542057075ns,1 [trace exec_salu.cpp:108]",0
313,1,4,569026185,0x800001b4,REGEXT,"SM 1 warp 4 0x800001b4            REGEXT_0x0010200b REGEXT(s3,s2,s1,d)=0,0,0,1 @569026185ns,1 [trace decode.cpp:72]",569026185,0x80000188,JAL,"SM 1 warp 4 0x80000188               JAL_0x0040006f JUMP=true, jumpTO 0x8000018c @569026185ns,1 [trace exec_salu.cpp:108]",569026195,0x80000188,JAL,"SM 1 warp 4 0x80000188               JAL_0x0040006f WB x[000]=0x8000018c @569026195ns,1 [trace regfile.cpp:87]",0
314,1,7,569026195,0x800001b4,REGEXT,"SM 1 warp 7 0x800001b4            REGEXT_0x0010200b REGEXT(s3,s2,s1,d)=0,0,0,1 @569026195ns,1 [trace decode.cpp:72]",569026195,0x80000188,JAL,"SM 1 warp 7 0x80000188               JAL_0x0040006f JUMP=true, jumpTO 0x8000018c @569026195ns,1 [trace exec_salu.cpp:108]",569026205,0x80000188,JAL,"SM 1 warp 7 0x80000188               JAL_0x0040006f WB x[000]=0x8000018c @569026205ns,1 [trace regfile.cpp:87]",0
316,1,5,569026175,0x800001b4,REGEXT,"SM 1 warp 5 0x800001b4            REGEXT_0x0010200b REGEXT(s3,s2,s1,d)=0,0,0,1 @569026175ns,1 [trace decode.cpp:72]",569026125,0x80000184,BGE,"SM 1 warp 5 0x80000184               BGE_0x02905e63 mask=FFFFFFFF, JUMP=false @569026125ns,1 [trace exec_salu.cpp:339]",569026215,0x80000188,JAL,"SM 1 warp 5 0x80000188               JAL_0x0040006f JUMP=true, jumpTO 0x8000018c @569026215ns,1 [trace exec_salu.cpp:108]",0
318,1,1,569026215,0x800001b4,REGEXT,"SM 1 warp 1 0x800001b4            REGEXT_0x0010200b REGEXT(s3,s2,s1,d)=0,0,0,1 @569026215ns,1 [trace decode.cpp:72]",569026165,0x80000184,BGE,"SM 1 warp 1 0x80000184               BGE_0x02905e63 mask=FFFFFFFF, JUMP=false @569026165ns,1 [trace exec_salu.cpp:339]",569026235,0x80000188,JAL,"SM 1 warp 1 0x80000188               JAL_0x0040006f JUMP=true, jumpTO 0x8000018c @569026235ns,1 [trace exec_salu.cpp:108]",0
325,1,5,595993665,0x800001b4,REGEXT,"SM 1 warp 5 0x800001b4            REGEXT_0x0010200b REGEXT(s3,s2,s1,d)=0,0,0,1 @595993665ns,1 [trace decode.cpp:72]",595993665,0x80000188,JAL,"SM 1 warp 5 0x80000188               JAL_0x0040006f JUMP=true, jumpTO 0x8000018c @595993665ns,1 [trace exec_salu.cpp:108]",595993675,0x80000188,JAL,"SM 1 warp 5 0x80000188               JAL_0x0040006f WB x[000]=0x8000018c @595993675ns,1 [trace regfile.cpp:87]",0
326,1,6,595993675,0x800001b4,REGEXT,"SM 1 warp 6 0x800001b4            REGEXT_0x0010200b REGEXT(s3,s2,s1,d)=0,0,0,1 @595993675ns,1 [trace decode.cpp:72]",595993675,0x80000188,JAL,"SM 1 warp 6 0x80000188               JAL_0x0040006f JUMP=true, jumpTO 0x8000018c @595993675ns,1 [trace exec_salu.cpp:108]",595993685,0x80000188,JAL,"SM 1 warp 6 0x80000188               JAL_0x0040006f WB x[000]=0x8000018c @595993685ns,1 [trace regfile.cpp:87]",0
328,1,4,595993655,0x800001b4,REGEXT,"SM 1 warp 4 0x800001b4            REGEXT_0x0010200b REGEXT(s3,s2,s1,d)=0,0,0,1 @595993655ns,1 [trace decode.cpp:72]",595993605,0x80000184,BGE,"SM 1 warp 4 0x80000184               BGE_0x02905e63 mask=FFFFFFFF, JUMP=false @595993605ns,1 [trace exec_salu.cpp:339]",595993695,0x80000188,JAL,"SM 1 warp 4 0x80000188               JAL_0x0040006f JUMP=true, jumpTO 0x8000018c @595993695ns,1 [trace exec_salu.cpp:108]",0
330,1,0,595993695,0x800001b4,REGEXT,"SM 1 warp 0 0x800001b4            REGEXT_0x0010200b REGEXT(s3,s2,s1,d)=0,0,0,1 @595993695ns,1 [trace decode.cpp:72]",595993645,0x80000184,BGE,"SM 1 warp 0 0x80000184               BGE_0x02905e63 mask=FFFFFFFF, JUMP=false @595993645ns,1 [trace exec_salu.cpp:339]",595993715,0x80000188,JAL,"SM 1 warp 0 0x80000188               JAL_0x0040006f JUMP=true, jumpTO 0x8000018c @595993715ns,1 [trace exec_salu.cpp:108]",0
337,1,5,622963065,0x800001b4,REGEXT,"SM 1 warp 5 0x800001b4            REGEXT_0x0010200b REGEXT(s3,s2,s1,d)=0,0,0,1 @622963065ns,1 [trace decode.cpp:72]",622963065,0x80000188,JAL,"SM 1 warp 5 0x80000188               JAL_0x0040006f JUMP=true, jumpTO 0x8000018c @622963065ns,1 [trace exec_salu.cpp:108]",622963075,0x80000188,JAL,"SM 1 warp 5 0x80000188               JAL_0x0040006f WB x[000]=0x8000018c @622963075ns,1 [trace regfile.cpp:87]",0
338,1,6,622963075,0x800001b4,REGEXT,"SM 1 warp 6 0x800001b4            REGEXT_0x0010200b REGEXT(s3,s2,s1,d)=0,0,0,1 @622963075ns,1 [trace decode.cpp:72]",622963075,0x80000188,JAL,"SM 1 warp 6 0x80000188               JAL_0x0040006f JUMP=true, jumpTO 0x8000018c @622963075ns,1 [trace exec_salu.cpp:108]",622963085,0x80000188,JAL,"SM 1 warp 6 0x80000188               JAL_0x0040006f WB x[000]=0x8000018c @622963085ns,1 [trace regfile.cpp:87]",0
340,1,4,622963055,0x800001b4,REGEXT,"SM 1 warp 4 0x800001b4            REGEXT_0x0010200b REGEXT(s3,s2,s1,d)=0,0,0,1 @622963055ns,1 [trace decode.cpp:72]",622963005,0x80000184,BGE,"SM 1 warp 4 0x80000184               BGE_0x02905e63 mask=FFFFFFFF, JUMP=false @622963005ns,1 [trace exec_salu.cpp:339]",622963095,0x80000188,JAL,"SM 1 warp 4 0x80000188               JAL_0x0040006f JUMP=true, jumpTO 0x8000018c @622963095ns,1 [trace exec_salu.cpp:108]",0
342,1,0,622963095,0x800001b4,REGEXT,"SM 1 warp 0 0x800001b4            REGEXT_0x0010200b REGEXT(s3,s2,s1,d)=0,0,0,1 @622963095ns,1 [trace decode.cpp:72]",622963045,0x80000184,BGE,"SM 1 warp 0 0x80000184               BGE_0x02905e63 mask=FFFFFFFF, JUMP=false @622963045ns,1 [trace exec_salu.cpp:339]",622963115,0x80000188,JAL,"SM 1 warp 0 0x80000188               JAL_0x0040006f JUMP=true, jumpTO 0x8000018c @622963115ns,1 [trace exec_salu.cpp:108]",0
349,1,5,649856505,0x800001b4,REGEXT,"SM 1 warp 5 0x800001b4            REGEXT_0x0010200b REGEXT(s3,s2,s1,d)=0,0,0,1 @649856505ns,1 [trace decode.cpp:72]",649856505,0x80000188,JAL,"SM 1 warp 5 0x80000188               JAL_0x0040006f JUMP=true, jumpTO 0x8000018c @649856505ns,1 [trace exec_salu.cpp:108]",649856515,0x80000188,JAL,"SM 1 warp 5 0x80000188               JAL_0x0040006f WB x[000]=0x8000018c @649856515ns,1 [trace regfile.cpp:87]",0
350,1,6,649856515,0x800001b4,REGEXT,"SM 1 warp 6 0x800001b4            REGEXT_0x0010200b REGEXT(s3,s2,s1,d)=0,0,0,1 @649856515ns,1 [trace decode.cpp:72]",649856515,0x80000188,JAL,"SM 1 warp 6 0x80000188               JAL_0x0040006f JUMP=true, jumpTO 0x8000018c @649856515ns,1 [trace exec_salu.cpp:108]",649856525,0x80000188,JAL,"SM 1 warp 6 0x80000188               JAL_0x0040006f WB x[000]=0x8000018c @649856525ns,1 [trace regfile.cpp:87]",0
352,1,4,649856495,0x800001b4,REGEXT,"SM 1 warp 4 0x800001b4            REGEXT_0x0010200b REGEXT(s3,s2,s1,d)=0,0,0,1 @649856495ns,1 [trace decode.cpp:72]",649856445,0x80000184,BGE,"SM 1 warp 4 0x80000184               BGE_0x02905e63 mask=FFFFFFFF, JUMP=false @649856445ns,1 [trace exec_salu.cpp:339]",649856535,0x80000188,JAL,"SM 1 warp 4 0x80000188               JAL_0x0040006f JUMP=true, jumpTO 0x8000018c @649856535ns,1 [trace exec_salu.cpp:108]",0
354,1,0,649856535,0x800001b4,REGEXT,"SM 1 warp 0 0x800001b4            REGEXT_0x0010200b REGEXT(s3,s2,s1,d)=0,0,0,1 @649856535ns,1 [trace decode.cpp:72]",649856485,0x80000184,BGE,"SM 1 warp 0 0x80000184               BGE_0x02905e63 mask=FFFFFFFF, JUMP=false @649856485ns,1 [trace exec_salu.cpp:339]",649856555,0x80000188,JAL,"SM 1 warp 0 0x80000188               JAL_0x0040006f JUMP=true, jumpTO 0x8000018c @649856555ns,1 [trace exec_salu.cpp:108]",0
361,1,5,678125025,0x800001b4,REGEXT,"SM 1 warp 5 0x800001b4            REGEXT_0x0010200b REGEXT(s3,s2,s1,d)=0,0,0,1 @678125025ns,1 [trace decode.cpp:72]",678125025,0x80000188,JAL,"SM 1 warp 5 0x80000188               JAL_0x0040006f JUMP=true, jumpTO 0x8000018c @678125025ns,1 [trace exec_salu.cpp:108]",678125035,0x80000188,JAL,"SM 1 warp 5 0x80000188               JAL_0x0040006f WB x[000]=0x8000018c @678125035ns,1 [trace regfile.cpp:87]",0
362,1,4,678125035,0x800001b4,REGEXT,"SM 1 warp 4 0x800001b4            REGEXT_0x0010200b REGEXT(s3,s2,s1,d)=0,0,0,1 @678125035ns,1 [trace decode.cpp:72]",678125035,0x80000188,JAL,"SM 1 warp 4 0x80000188               JAL_0x0040006f JUMP=true, jumpTO 0x8000018c @678125035ns,1 [trace exec_salu.cpp:108]",678125045,0x80000188,JAL,"SM 1 warp 4 0x80000188               JAL_0x0040006f WB x[000]=0x8000018c @678125045ns,1 [trace regfile.cpp:87]",0
364,1,2,678125015,0x800001b4,REGEXT,"SM 1 warp 2 0x800001b4            REGEXT_0x0010200b REGEXT(s3,s2,s1,d)=0,0,0,1 @678125015ns,1 [trace decode.cpp:72]",678124965,0x80000184,BGE,"SM 1 warp 2 0x80000184               BGE_0x02905e63 mask=FFFFFFFF, JUMP=false @678124965ns,1 [trace exec_salu.cpp:339]",678125055,0x80000188,JAL,"SM 1 warp 2 0x80000188               JAL_0x0040006f JUMP=true, jumpTO 0x8000018c @678125055ns,1 [trace exec_salu.cpp:108]",0
366,1,6,678125055,0x800001b4,REGEXT,"SM 1 warp 6 0x800001b4            REGEXT_0x0010200b REGEXT(s3,s2,s1,d)=0,0,0,1 @678125055ns,1 [trace decode.cpp:72]",678125005,0x80000184,BGE,"SM 1 warp 6 0x80000184               BGE_0x02905e63 mask=FFFFFFFF, JUMP=false @678125005ns,1 [trace exec_salu.cpp:339]",678125075,0x80000188,JAL,"SM 1 warp 6 0x80000188               JAL_0x0040006f JUMP=true, jumpTO 0x8000018c @678125075ns,1 [trace exec_salu.cpp:108]",0
373,1,5,705040875,0x800001b4,REGEXT,"SM 1 warp 5 0x800001b4            REGEXT_0x0010200b REGEXT(s3,s2,s1,d)=0,0,0,1 @705040875ns,1 [trace decode.cpp:72]",705040875,0x80000188,JAL,"SM 1 warp 5 0x80000188               JAL_0x0040006f JUMP=true, jumpTO 0x8000018c @705040875ns,1 [trace exec_salu.cpp:108]",705040885,0x80000188,JAL,"SM 1 warp 5 0x80000188               JAL_0x0040006f WB x[000]=0x8000018c @705040885ns,1 [trace regfile.cpp:87]",0
374,1,6,705040885,0x800001b4,REGEXT,"SM 1 warp 6 0x800001b4            REGEXT_0x0010200b REGEXT(s3,s2,s1,d)=0,0,0,1 @705040885ns,1 [trace decode.cpp:72]",705040885,0x80000188,JAL,"SM 1 warp 6 0x80000188               JAL_0x0040006f JUMP=true, jumpTO 0x8000018c @705040885ns,1 [trace exec_salu.cpp:108]",705040895,0x80000188,JAL,"SM 1 warp 6 0x80000188               JAL_0x0040006f WB x[000]=0x8000018c @705040895ns,1 [trace regfile.cpp:87]",0
376,1,4,705040865,0x800001b4,REGEXT,"SM 1 warp 4 0x800001b4            REGEXT_0x0010200b REGEXT(s3,s2,s1,d)=0,0,0,1 @705040865ns,1 [trace decode.cpp:72]",705040815,0x80000184,BGE,"SM 1 warp 4 0x80000184               BGE_0x02905e63 mask=FFFFFFFF, JUMP=false @705040815ns,1 [trace exec_salu.cpp:339]",705040905,0x80000188,JAL,"SM 1 warp 4 0x80000188               JAL_0x0040006f JUMP=true, jumpTO 0x8000018c @705040905ns,1 [trace exec_salu.cpp:108]",0
378,1,0,705040905,0x800001b4,REGEXT,"SM 1 warp 0 0x800001b4            REGEXT_0x0010200b REGEXT(s3,s2,s1,d)=0,0,0,1 @705040905ns,1 [trace decode.cpp:72]",705040855,0x80000184,BGE,"SM 1 warp 0 0x80000184               BGE_0x02905e63 mask=FFFFFFFF, JUMP=false @705040855ns,1 [trace exec_salu.cpp:339]",705040925,0x80000188,JAL,"SM 1 warp 0 0x80000188               JAL_0x0040006f JUMP=true, jumpTO 0x8000018c @705040925ns,1 [trace exec_salu.cpp:108]",0
385,1,4,732009855,0x800001b4,REGEXT,"SM 1 warp 4 0x800001b4            REGEXT_0x0010200b REGEXT(s3,s2,s1,d)=0,0,0,1 @732009855ns,1 [trace decode.cpp:72]",732009855,0x80000188,JAL,"SM 1 warp 4 0x80000188               JAL_0x0040006f JUMP=true, jumpTO 0x8000018c @732009855ns,1 [trace exec_salu.cpp:108]",732009865,0x80000188,JAL,"SM 1 warp 4 0x80000188               JAL_0x0040006f WB x[000]=0x8000018c @732009865ns,1 [trace regfile.cpp:87]",0
386,1,7,732009865,0x800001b4,REGEXT,"SM 1 warp 7 0x800001b4            REGEXT_0x0010200b REGEXT(s3,s2,s1,d)=0,0,0,1 @732009865ns,1 [trace decode.cpp:72]",732009865,0x80000188,JAL,"SM 1 warp 7 0x80000188               JAL_0x0040006f JUMP=true, jumpTO 0x8000018c @732009865ns,1 [trace exec_salu.cpp:108]",732009875,0x80000188,JAL,"SM 1 warp 7 0x80000188               JAL_0x0040006f WB x[000]=0x8000018c @732009875ns,1 [trace regfile.cpp:87]",0
388,1,5,732009845,0x800001b4,REGEXT,"SM 1 warp 5 0x800001b4            REGEXT_0x0010200b REGEXT(s3,s2,s1,d)=0,0,0,1 @732009845ns,1 [trace decode.cpp:72]",732009795,0x80000184,BGE,"SM 1 warp 5 0x80000184               BGE_0x02905e63 mask=FFFFFFFF, JUMP=false @732009795ns,1 [trace exec_salu.cpp:339]",732009885,0x80000188,JAL,"SM 1 warp 5 0x80000188               JAL_0x0040006f JUMP=true, jumpTO 0x8000018c @732009885ns,1 [trace exec_salu.cpp:108]",0
390,1,1,732009885,0x800001b4,REGEXT,"SM 1 warp 1 0x800001b4            REGEXT_0x0010200b REGEXT(s3,s2,s1,d)=0,0,0,1 @732009885ns,1 [trace decode.cpp:72]",732009835,0x80000184,BGE,"SM 1 warp 1 0x80000184               BGE_0x02905e63 mask=FFFFFFFF, JUMP=false @732009835ns,1 [trace exec_salu.cpp:339]",732009905,0x80000188,JAL,"SM 1 warp 1 0x80000188               JAL_0x0040006f JUMP=true, jumpTO 0x8000018c @732009905ns,1 [trace exec_salu.cpp:108]",0
397,1,5,758696685,0x800001b4,REGEXT,"SM 1 warp 5 0x800001b4            REGEXT_0x0010200b REGEXT(s3,s2,s1,d)=0,0,0,1 @758696685ns,1 [trace decode.cpp:72]",758696685,0x80000188,JAL,"SM 1 warp 5 0x80000188               JAL_0x0040006f JUMP=true, jumpTO 0x8000018c @758696685ns,1 [trace exec_salu.cpp:108]",758696695,0x80000188,JAL,"SM 1 warp 5 0x80000188               JAL_0x0040006f WB x[000]=0x8000018c @758696695ns,1 [trace regfile.cpp:87]",0
398,1,0,758696695,0x800001b4,REGEXT,"SM 1 warp 0 0x800001b4            REGEXT_0x0010200b REGEXT(s3,s2,s1,d)=0,0,0,1 @758696695ns,1 [trace decode.cpp:72]",758696695,0x80000188,JAL,"SM 1 warp 0 0x80000188               JAL_0x0040006f JUMP=true, jumpTO 0x8000018c @758696695ns,1 [trace exec_salu.cpp:108]",758696705,0x80000188,JAL,"SM 1 warp 0 0x80000188               JAL_0x0040006f WB x[000]=0x8000018c @758696705ns,1 [trace regfile.cpp:87]",0
400,1,6,758696675,0x800001b4,REGEXT,"SM 1 warp 6 0x800001b4            REGEXT_0x0010200b REGEXT(s3,s2,s1,d)=0,0,0,1 @758696675ns,1 [trace decode.cpp:72]",758696625,0x80000184,BGE,"SM 1 warp 6 0x80000184               BGE_0x02905e63 mask=FFFFFFFF, JUMP=false @758696625ns,1 [trace exec_salu.cpp:339]",758696715,0x80000188,JAL,"SM 1 warp 6 0x80000188               JAL_0x0040006f JUMP=true, jumpTO 0x8000018c @758696715ns,1 [trace exec_salu.cpp:108]",0
402,1,2,758696715,0x800001b4,REGEXT,"SM 1 warp 2 0x800001b4            REGEXT_0x0010200b REGEXT(s3,s2,s1,d)=0,0,0,1 @758696715ns,1 [trace decode.cpp:72]",758696665,0x80000184,BGE,"SM 1 warp 2 0x80000184               BGE_0x02905e63 mask=FFFFFFFF, JUMP=false @758696665ns,1 [trace exec_salu.cpp:339]",758696735,0x80000188,JAL,"SM 1 warp 2 0x80000188               JAL_0x0040006f JUMP=true, jumpTO 0x8000018c @758696735ns,1 [trace exec_salu.cpp:108]",0
409,1,3,785665695,0x800001b4,REGEXT,"SM 1 warp 3 0x800001b4            REGEXT_0x0010200b REGEXT(s3,s2,s1,d)=0,0,0,1 @785665695ns,1 [trace decode.cpp:72]",785665695,0x80000188,JAL,"SM 1 warp 3 0x80000188               JAL_0x0040006f JUMP=true, jumpTO 0x8000018c @785665695ns,1 [trace exec_salu.cpp:108]",785665705,0x80000188,JAL,"SM 1 warp 3 0x80000188               JAL_0x0040006f WB x[000]=0x8000018c @785665705ns,1 [trace regfile.cpp:87]",0
410,1,0,785665705,0x800001b4,REGEXT,"SM 1 warp 0 0x800001b4            REGEXT_0x0010200b REGEXT(s3,s2,s1,d)=0,0,0,1 @785665705ns,1 [trace decode.cpp:72]",785665705,0x80000188,JAL,"SM 1 warp 0 0x80000188               JAL_0x0040006f JUMP=true, jumpTO 0x8000018c @785665705ns,1 [trace exec_salu.cpp:108]",785665715,0x80000188,JAL,"SM 1 warp 0 0x80000188               JAL_0x0040006f WB x[000]=0x8000018c @785665715ns,1 [trace regfile.cpp:87]",0
412,1,6,785665685,0x800001b4,REGEXT,"SM 1 warp 6 0x800001b4            REGEXT_0x0010200b REGEXT(s3,s2,s1,d)=0,0,0,1 @785665685ns,1 [trace decode.cpp:72]",785665635,0x80000184,BGE,"SM 1 warp 6 0x80000184               BGE_0x02905e63 mask=FFFFFFFF, JUMP=false @785665635ns,1 [trace exec_salu.cpp:339]",785665725,0x80000188,JAL,"SM 1 warp 6 0x80000188               JAL_0x0040006f JUMP=true, jumpTO 0x8000018c @785665725ns,1 [trace exec_salu.cpp:108]",0
414,1,2,785665725,0x800001b4,REGEXT,"SM 1 warp 2 0x800001b4            REGEXT_0x0010200b REGEXT(s3,s2,s1,d)=0,0,0,1 @785665725ns,1 [trace decode.cpp:72]",785665675,0x80000184,BGE,"SM 1 warp 2 0x80000184               BGE_0x02905e63 mask=FFFFFFFF, JUMP=false @785665675ns,1 [trace exec_salu.cpp:339]",785665745,0x80000188,JAL,"SM 1 warp 2 0x80000188               JAL_0x0040006f JUMP=true, jumpTO 0x8000018c @785665745ns,1 [trace exec_salu.cpp:108]",0
421,1,5,812485845,0x800001b4,REGEXT,"SM 1 warp 5 0x800001b4            REGEXT_0x0010200b REGEXT(s3,s2,s1,d)=0,0,0,1 @812485845ns,1 [trace decode.cpp:72]",812485845,0x80000188,JAL,"SM 1 warp 5 0x80000188               JAL_0x0040006f JUMP=true, jumpTO 0x8000018c @812485845ns,1 [trace exec_salu.cpp:108]",812485855,0x80000188,JAL,"SM 1 warp 5 0x80000188               JAL_0x0040006f WB x[000]=0x8000018c @812485855ns,1 [trace regfile.cpp:87]",0
422,1,4,812485855,0x800001b4,REGEXT,"SM 1 warp 4 0x800001b4            REGEXT_0x0010200b REGEXT(s3,s2,s1,d)=0,0,0,1 @812485855ns,1 [trace decode.cpp:72]",812485855,0x80000188,JAL,"SM 1 warp 4 0x80000188               JAL_0x0040006f JUMP=true, jumpTO 0x8000018c @812485855ns,1 [trace exec_salu.cpp:108]",812485865,0x80000188,JAL,"SM 1 warp 4 0x80000188               JAL_0x0040006f WB x[000]=0x8000018c @812485865ns,1 [trace regfile.cpp:87]",0
424,1,2,812485835,0x800001b4,REGEXT,"SM 1 warp 2 0x800001b4            REGEXT_0x0010200b REGEXT(s3,s2,s1,d)=0,0,0,1 @812485835ns,1 [trace decode.cpp:72]",812485785,0x80000184,BGE,"SM 1 warp 2 0x80000184               BGE_0x02905e63 mask=FFFFFFFF, JUMP=false @812485785ns,1 [trace exec_salu.cpp:339]",812485875,0x80000188,JAL,"SM 1 warp 2 0x80000188               JAL_0x0040006f JUMP=true, jumpTO 0x8000018c @812485875ns,1 [trace exec_salu.cpp:108]",0
426,1,6,812485875,0x800001b4,REGEXT,"SM 1 warp 6 0x800001b4            REGEXT_0x0010200b REGEXT(s3,s2,s1,d)=0,0,0,1 @812485875ns,1 [trace decode.cpp:72]",812485825,0x80000184,BGE,"SM 1 warp 6 0x80000184               BGE_0x02905e63 mask=FFFFFFFF, JUMP=false @812485825ns,1 [trace exec_salu.cpp:339]",812485895,0x80000188,JAL,"SM 1 warp 6 0x80000188               JAL_0x0040006f JUMP=true, jumpTO 0x8000018c @812485895ns,1 [trace exec_salu.cpp:108]",0
433,1,5,839453295,0x800001b4,REGEXT,"SM 1 warp 5 0x800001b4            REGEXT_0x0010200b REGEXT(s3,s2,s1,d)=0,0,0,1 @839453295ns,1 [trace decode.cpp:72]",839453295,0x80000188,JAL,"SM 1 warp 5 0x80000188               JAL_0x0040006f JUMP=true, jumpTO 0x8000018c @839453295ns,1 [trace exec_salu.cpp:108]",839453305,0x80000188,JAL,"SM 1 warp 5 0x80000188               JAL_0x0040006f WB x[000]=0x8000018c @839453305ns,1 [trace regfile.cpp:87]",0
434,1,6,839453305,0x800001b4,REGEXT,"SM 1 warp 6 0x800001b4            REGEXT_0x0010200b REGEXT(s3,s2,s1,d)=0,0,0,1 @839453305ns,1 [trace decode.cpp:72]",839453305,0x80000188,JAL,"SM 1 warp 6 0x80000188               JAL_0x0040006f JUMP=true, jumpTO 0x8000018c @839453305ns,1 [trace exec_salu.cpp:108]",839453315,0x80000188,JAL,"SM 1 warp 6 0x80000188               JAL_0x0040006f WB x[000]=0x8000018c @839453315ns,1 [trace regfile.cpp:87]",0
436,1,4,839453285,0x800001b4,REGEXT,"SM 1 warp 4 0x800001b4            REGEXT_0x0010200b REGEXT(s3,s2,s1,d)=0,0,0,1 @839453285ns,1 [trace decode.cpp:72]",839453235,0x80000184,BGE,"SM 1 warp 4 0x80000184               BGE_0x02905e63 mask=FFFFFFFF, JUMP=false @839453235ns,1 [trace exec_salu.cpp:339]",839453325,0x80000188,JAL,"SM 1 warp 4 0x80000188               JAL_0x0040006f JUMP=true, jumpTO 0x8000018c @839453325ns,1 [trace exec_salu.cpp:108]",0
438,1,0,839453325,0x800001b4,REGEXT,"SM 1 warp 0 0x800001b4            REGEXT_0x0010200b REGEXT(s3,s2,s1,d)=0,0,0,1 @839453325ns,1 [trace decode.cpp:72]",839453275,0x80000184,BGE,"SM 1 warp 0 0x80000184               BGE_0x02905e63 mask=FFFFFFFF, JUMP=false @839453275ns,1 [trace exec_salu.cpp:339]",839453345,0x80000188,JAL,"SM 1 warp 0 0x80000188               JAL_0x0040006f JUMP=true, jumpTO 0x8000018c @839453345ns,1 [trace exec_salu.cpp:108]",0
